,YYYY.MM.DD.DOY.,yield,irrigation_demand,county_name,crop,lat_lon
1,1980-08-27(240),15147.19043,421.828766,Okanogan,Corn_grain,48.15625N119.71875W
2,1981-08-21(233),15926.3877,427.074036,Okanogan,Corn_grain,48.15625N119.71875W
3,1982-08-16(228),13489.79102,363.383331,Okanogan,Corn_grain,48.15625N119.71875W
4,1983-08-19(231),15263.73731,382.292114,Okanogan,Corn_grain,48.15625N119.71875W
5,1984-08-22(235),13779.91113,391.802673,Okanogan,Corn_grain,48.15625N119.71875W
6,1985-08-04(216),13920.44824,445.965393,Okanogan,Corn_grain,48.15625N119.71875W
7,1986-08-10(222),13722.78613,405.909058,Okanogan,Corn_grain,48.15625N119.71875W
8,1987-08-13(225),14043.31934,393.008881,Okanogan,Corn_grain,48.15625N119.71875W
9,1988-08-16(229),14365.99219,424.182007,Okanogan,Corn_grain,48.15625N119.71875W
10,1989-08-18(230),13565.94434,405.157379,Okanogan,Corn_grain,48.15625N119.71875W
11,1990-08-14(226),12872.875,385.648712,Okanogan,Corn_grain,48.15625N119.71875W
12,1991-08-19(231),14308.9541,377.364471,Okanogan,Corn_grain,48.15625N119.71875W
13,1992-08-05(218),12878.33301,331.857208,Okanogan,Corn_grain,48.15625N119.71875W
14,1993-08-17(229),16326.79199,350.894928,Okanogan,Corn_grain,48.15625N119.71875W
15,1994-08-09(221),13942.84961,412.341064,Okanogan,Corn_grain,48.15625N119.71875W
16,1995-08-15(227),14279.04102,389.375732,Okanogan,Corn_grain,48.15625N119.71875W
17,1996-08-18(231),14089.01367,411.801422,Okanogan,Corn_grain,48.15625N119.71875W
18,1997-08-18(230),15432.03906,376.910767,Okanogan,Corn_grain,48.15625N119.71875W
19,1998-08-08(220),12743.04785,331.235016,Okanogan,Corn_grain,48.15625N119.71875W
20,1999-08-24(236),14235.02832,409.907684,Okanogan,Corn_grain,48.15625N119.71875W
21,2000-08-17(230),14763.81445,416.722443,Okanogan,Corn_grain,48.15625N119.71875W
22,2001-08-15(227),15291.72656,423.438477,Okanogan,Corn_grain,48.15625N119.71875W
23,2002-08-14(226),13515.97461,418.662079,Okanogan,Corn_grain,48.15625N119.71875W
24,2003-08-06(218),13478.25488,422.993256,Okanogan,Corn_grain,48.15625N119.71875W
25,2004-08-09(222),13306.15234,389.310425,Okanogan,Corn_grain,48.15625N119.71875W
26,2005-08-13(225),14699.75195,401.772583,Okanogan,Corn_grain,48.15625N119.71875W
27,2006-08-07(219),13865.88574,387.842468,Okanogan,Corn_grain,48.15625N119.71875W
28,2007-08-08(220),13454.44043,393.656311,Okanogan,Corn_grain,48.15625N119.71875W
29,2008-08-12(225),15096.0625,434.888031,Okanogan,Corn_grain,48.15625N119.71875W
30,2009-08-04(216),14124.79981,414.530609,Okanogan,Corn_grain,48.15625N119.71875W
31,2010-08-18(230),14373.91406,403.557495,Okanogan,Corn_grain,48.15625N119.71875W
32,2011-08-26(238),15418.65234,426.787994,Okanogan,Corn_grain,48.15625N119.71875W
33,2012-08-14(227),13474.34473,349.939575,Okanogan,Corn_grain,48.15625N119.71875W
34,2013-08-10(222),13646.17383,400.795166,Okanogan,Corn_grain,48.15625N119.71875W
35,2014-08-05(217),13591.09375,389.473602,Okanogan,Corn_grain,48.15625N119.71875W
36,2015-07-26(207),11637.11621,380.321777,Okanogan,Corn_grain,48.15625N119.71875W
37,2016-08-13(226),14943.37402,403.366577,Okanogan,Corn_grain,48.15625N119.71875W
38,2017-08-08(220),13709.53125,420.657501,Okanogan,Corn_grain,48.15625N119.71875W
39,2018-08-07(219),15536.19336,448.912018,Okanogan,Corn_grain,48.15625N119.71875W
40,2019-08-09(221),14588.97949,425.089081,Okanogan,Corn_grain,48.15625N119.71875W
41,1980-09-10(254),15388.46289,384,Okanogan,Corn_grain,48.96875N119.65625W
42,1981-08-27(239),16368.91602,376,Okanogan,Corn_grain,48.96875N119.65625W
43,1982-08-23(235),13301.2207,296,Okanogan,Corn_grain,48.96875N119.65625W
44,1983-08-28(240),16489.55078,320,Okanogan,Corn_grain,48.96875N119.65625W
45,1984-08-31(244),13787.7002,352,Okanogan,Corn_grain,48.96875N119.65625W
46,1985-08-13(225),13424.77832,384,Okanogan,Corn_grain,48.96875N119.65625W
47,1986-08-17(229),14312.48535,384,Okanogan,Corn_grain,48.96875N119.65625W
48,1987-08-24(236),14123.3418,336,Okanogan,Corn_grain,48.96875N119.65625W
49,1988-08-27(240),14701.77051,400,Okanogan,Corn_grain,48.96875N119.65625W
50,1989-08-30(242),14870.94043,384,Okanogan,Corn_grain,48.96875N119.65625W
51,1990-08-23(235),13013.8584,336,Okanogan,Corn_grain,48.96875N119.65625W
52,1991-08-28(240),14650.50684,336,Okanogan,Corn_grain,48.96875N119.65625W
53,1992-08-14(227),13550.9541,272,Okanogan,Corn_grain,48.96875N119.65625W
54,1993-08-30(242),17866.1582,320,Okanogan,Corn_grain,48.96875N119.65625W
55,1994-08-18(230),13886.27539,376,Okanogan,Corn_grain,48.96875N119.65625W
56,1995-08-28(240),15034.63672,352,Okanogan,Corn_grain,48.96875N119.65625W
57,1996-08-27(240),14559.42773,384,Okanogan,Corn_grain,48.96875N119.65625W
58,1997-08-25(237),16117.01172,336,Okanogan,Corn_grain,48.96875N119.65625W
59,1998-08-14(226),13046.94922,312,Okanogan,Corn_grain,48.96875N119.65625W
60,1999-09-09(252),14432.71484,360,Okanogan,Corn_grain,48.96875N119.65625W
61,2000-08-28(241),15099.58106,400,Okanogan,Corn_grain,48.96875N119.65625W
62,2001-08-23(235),15866.76367,392,Okanogan,Corn_grain,48.96875N119.65625W
63,2002-08-22(234),13698.40234,392,Okanogan,Corn_grain,48.96875N119.65625W
64,2003-08-12(224),13012.73633,400,Okanogan,Corn_grain,48.96875N119.65625W
65,2004-08-15(228),13312.25195,352,Okanogan,Corn_grain,48.96875N119.65625W
66,2005-08-22(234),15176.01953,368,Okanogan,Corn_grain,48.96875N119.65625W
67,2006-08-14(226),13616.83496,352,Okanogan,Corn_grain,48.96875N119.65625W
68,2007-08-15(227),13292.56055,360,Okanogan,Corn_grain,48.96875N119.65625W
69,2008-08-18(231),15963.22559,408,Okanogan,Corn_grain,48.96875N119.65625W
70,2009-08-13(225),13059.22754,368,Okanogan,Corn_grain,48.96875N119.65625W
71,2010-08-30(242),14907.5293,392,Okanogan,Corn_grain,48.96875N119.65625W
72,2011-08-30(242),16533.98242,440,Okanogan,Corn_grain,48.96875N119.65625W
73,2012-08-17(230),13871.75,320,Okanogan,Corn_grain,48.96875N119.65625W
74,2013-08-12(224),13004.92676,344,Okanogan,Corn_grain,48.96875N119.65625W
75,2014-08-14(226),13270.83106,352,Okanogan,Corn_grain,48.96875N119.65625W
76,2015-08-04(216),12212.22559,344,Okanogan,Corn_grain,48.96875N119.65625W
77,2016-08-18(231),13540.8584,336,Okanogan,Corn_grain,48.96875N119.65625W
78,2017-08-12(224),13587.65918,408,Okanogan,Corn_grain,48.96875N119.65625W
79,2018-08-11(223),16134.57422,416,Okanogan,Corn_grain,48.96875N119.65625W
80,2019-08-13(225),14590.85254,392,Okanogan,Corn_grain,48.96875N119.65625W
81,1981-07-16(197),10366.39844,405.128357,Okanogan,Winter_Wheat,48.15625N119.71875W
82,1982-07-15(196),9457.986328,414.090546,Okanogan,Winter_Wheat,48.15625N119.71875W
83,1983-07-10(191),10061.19336,407.043427,Okanogan,Winter_Wheat,48.15625N119.71875W
84,1984-07-21(203),10281.16895,433.641724,Okanogan,Winter_Wheat,48.15625N119.71875W
85,1985-07-17(198),8995.089844,490.535095,Okanogan,Winter_Wheat,48.15625N119.71875W
86,1986-07-14(195),8952.376953,483.462463,Okanogan,Winter_Wheat,48.15625N119.71875W
87,1987-07-02(183),8872.629883,449.233368,Okanogan,Winter_Wheat,48.15625N119.71875W
88,1988-07-02(184),9600.966797,369.773621,Okanogan,Winter_Wheat,48.15625N119.71875W
89,1989-07-16(197),9374.800781,433.866516,Okanogan,Winter_Wheat,48.15625N119.71875W
90,1990-07-05(186),9798.738281,328.411163,Okanogan,Winter_Wheat,48.15625N119.71875W
91,1991-07-08(189),10281.00977,370.405884,Okanogan,Winter_Wheat,48.15625N119.71875W
92,1992-06-23(175),9679.865234,449.144653,Okanogan,Winter_Wheat,48.15625N119.71875W
93,1993-07-16(197),9187.69043,389.319489,Okanogan,Winter_Wheat,48.15625N119.71875W
94,1994-07-11(192),9713.485352,400.573608,Okanogan,Winter_Wheat,48.15625N119.71875W
95,1995-07-04(185),9961.395508,411.257568,Okanogan,Winter_Wheat,48.15625N119.71875W
96,1996-07-15(197),10185.79395,428.03894,Okanogan,Winter_Wheat,48.15625N119.71875W
97,1997-07-25(206),9400.491211,375.520386,Okanogan,Winter_Wheat,48.15625N119.71875W
98,1998-07-06(187),9592.926758,345.556946,Okanogan,Winter_Wheat,48.15625N119.71875W
99,1999-07-16(197),10261.41309,441.541931,Okanogan,Winter_Wheat,48.15625N119.71875W
100,2000-07-07(189),10146.68555,426.820007,Okanogan,Winter_Wheat,48.15625N119.71875W
101,2001-07-18(199),9665.266602,477.826477,Okanogan,Winter_Wheat,48.15625N119.71875W
102,2002-07-12(193),9913.212891,477.818115,Okanogan,Winter_Wheat,48.15625N119.71875W
103,2003-07-07(188),9778.816406,416.644348,Okanogan,Winter_Wheat,48.15625N119.71875W
104,2004-06-30(182),10060.78516,407.361084,Okanogan,Winter_Wheat,48.15625N119.71875W
105,2005-07-08(189),9948.705078,371.775391,Okanogan,Winter_Wheat,48.15625N119.71875W
106,2006-07-08(189),9762.585938,392.184937,Okanogan,Winter_Wheat,48.15625N119.71875W
107,2007-07-13(194),9856.399414,463.196594,Okanogan,Winter_Wheat,48.15625N119.71875W
108,2008-07-17(199),9299.320312,470.379578,Okanogan,Winter_Wheat,48.15625N119.71875W
109,2009-07-06(187),9703.055664,478.874542,Okanogan,Winter_Wheat,48.15625N119.71875W
110,2010-07-09(190),10713.64844,375.775574,Okanogan,Winter_Wheat,48.15625N119.71875W
111,2011-07-22(203),10101.11426,413.620239,Okanogan,Winter_Wheat,48.15625N119.71875W
112,2012-07-17(199),9671.439453,423.386505,Okanogan,Winter_Wheat,48.15625N119.71875W
113,2013-07-03(184),9643.489258,381.744354,Okanogan,Winter_Wheat,48.15625N119.71875W
114,2014-07-06(187),10076.6543,450.203064,Okanogan,Winter_Wheat,48.15625N119.71875W
115,2015-06-19(170),9262.867188,372.540253,Okanogan,Winter_Wheat,48.15625N119.71875W
116,2016-06-26(178),9408.008789,407.084473,Okanogan,Winter_Wheat,48.15625N119.71875W
117,2017-07-04(185),9699.069336,388.100708,Okanogan,Winter_Wheat,48.15625N119.71875W
118,2018-07-11(192),9240.329102,426.761505,Okanogan,Winter_Wheat,48.15625N119.71875W
119,2019-07-08(189),9537.6875,437.009583,Okanogan,Winter_Wheat,48.15625N119.71875W
120,1981-07-31(212),10589.4707,369.552887,Okanogan,Winter_Wheat,48.53125N119.59375W
121,1982-07-29(210),8937.667969,389.367493,Okanogan,Winter_Wheat,48.53125N119.59375W
122,1983-07-25(206),9727.40918,342.042694,Okanogan,Winter_Wheat,48.53125N119.59375W
123,1984-08-03(216),9333.15332,367.860626,Okanogan,Winter_Wheat,48.53125N119.59375W
124,1985-07-27(208),7832.006836,407.472839,Okanogan,Winter_Wheat,48.53125N119.59375W
125,1986-07-30(211),8023.29248,429.532928,Okanogan,Winter_Wheat,48.53125N119.59375W
126,1987-07-15(196),8720.053711,391.937469,Okanogan,Winter_Wheat,48.53125N119.59375W
127,1988-07-22(204),9971.100586,347.039886,Okanogan,Winter_Wheat,48.53125N119.59375W
128,1989-07-27(208),9687.779297,398.055634,Okanogan,Winter_Wheat,48.53125N119.59375W
129,1990-07-21(202),10064.52539,292.320404,Okanogan,Winter_Wheat,48.53125N119.59375W
130,1991-07-26(207),10120.98828,349.759308,Okanogan,Winter_Wheat,48.53125N119.59375W
131,1992-07-07(189),8923.71582,406.910065,Okanogan,Winter_Wheat,48.53125N119.59375W
132,1993-08-06(218),9503.443359,327.667419,Okanogan,Winter_Wheat,48.53125N119.59375W
133,1994-07-24(205),9941.849609,380.21698,Okanogan,Winter_Wheat,48.53125N119.59375W
134,1995-07-20(201),10063.09277,390.923096,Okanogan,Winter_Wheat,48.53125N119.59375W
135,1996-07-31(213),9583.253906,374.393372,Okanogan,Winter_Wheat,48.53125N119.59375W
136,1997-08-08(220),9529.750977,331.053375,Okanogan,Winter_Wheat,48.53125N119.59375W
137,1998-07-26(207),9059.033203,336.667419,Okanogan,Winter_Wheat,48.53125N119.59375W
138,1999-08-04(216),9859.875,444.972046,Okanogan,Winter_Wheat,48.53125N119.59375W
139,2000-07-24(206),10269.21582,419.351746,Okanogan,Winter_Wheat,48.53125N119.59375W
140,2001-08-03(215),9418.172852,431.7034,Okanogan,Winter_Wheat,48.53125N119.59375W
141,2002-07-27(208),9054.194336,433.059479,Okanogan,Winter_Wheat,48.53125N119.59375W
142,2003-07-22(203),9514.079102,414.748138,Okanogan,Winter_Wheat,48.53125N119.59375W
143,2004-07-26(208),9766.050781,415.687134,Okanogan,Winter_Wheat,48.53125N119.59375W
144,2005-07-23(204),10044.67285,363.586914,Okanogan,Winter_Wheat,48.53125N119.59375W
145,2006-07-23(204),9098.462891,375.817291,Okanogan,Winter_Wheat,48.53125N119.59375W
146,2007-07-25(206),9011.736328,420.180756,Okanogan,Winter_Wheat,48.53125N119.59375W
147,2008-08-01(214),8933.947266,431.682648,Okanogan,Winter_Wheat,48.53125N119.59375W
148,2009-07-23(204),9422.600586,445.99353,Okanogan,Winter_Wheat,48.53125N119.59375W
149,2010-07-25(206),10656.10449,342.744965,Okanogan,Winter_Wheat,48.53125N119.59375W
150,2011-08-10(222),10052.21387,363.709351,Okanogan,Winter_Wheat,48.53125N119.59375W
151,2012-07-31(213),9490.328125,358.450287,Okanogan,Winter_Wheat,48.53125N119.59375W
152,2013-07-17(198),9461.579102,344.254395,Okanogan,Winter_Wheat,48.53125N119.59375W
153,2014-07-20(201),9772.993164,404.52597,Okanogan,Winter_Wheat,48.53125N119.59375W
154,2015-07-01(182),9635.931641,343.176056,Okanogan,Winter_Wheat,48.53125N119.59375W
155,2016-07-12(194),9923.104492,357.44162,Okanogan,Winter_Wheat,48.53125N119.59375W
156,2017-07-20(201),9365.825195,364.389099,Okanogan,Winter_Wheat,48.53125N119.59375W
157,2018-07-22(203),9250.360352,402.916687,Okanogan,Winter_Wheat,48.53125N119.59375W
158,2019-07-21(202),9705.515625,416.270294,Okanogan,Winter_Wheat,48.53125N119.59375W
159,1980-09-09(253),11813.36719,330,WallaWalla,Corn_grain,46.03125N118.21875W
160,1981-08-30(242),11119.98926,300,WallaWalla,Corn_grain,46.03125N118.21875W
161,1982-08-26(238),9847.889648,240,WallaWalla,Corn_grain,46.03125N118.21875W
162,1983-08-28(240),12115.31543,300,WallaWalla,Corn_grain,46.03125N118.21875W
163,1984-08-31(244),10069.06641,270,WallaWalla,Corn_grain,46.03125N118.21875W
164,1985-08-23(235),7712.772461,210,WallaWalla,Corn_grain,46.03125N118.21875W
165,1986-08-20(232),11156.93945,300,WallaWalla,Corn_grain,46.03125N118.21875W
166,1987-08-28(240),11352.62988,300,WallaWalla,Corn_grain,46.03125N118.21875W
167,1988-08-28(241),9968.348633,300,WallaWalla,Corn_grain,46.03125N118.21875W
168,1989-09-05(248),10972.44824,330,WallaWalla,Corn_grain,46.03125N118.21875W
169,1990-08-25(237),7634.922363,240,WallaWalla,Corn_grain,46.03125N118.21875W
170,1991-09-01(244),10785.10156,300,WallaWalla,Corn_grain,46.03125N118.21875W
171,1992-08-18(231),10382.55664,240,WallaWalla,Corn_grain,46.03125N118.21875W
172,1993-09-03(246),14009.10645,300,WallaWalla,Corn_grain,46.03125N118.21875W
173,1994-08-21(233),8605.393555,240,WallaWalla,Corn_grain,46.03125N118.21875W
174,1995-09-02(245),11777.22656,270,WallaWalla,Corn_grain,46.03125N118.21875W
175,1996-08-28(241),10752.31836,300,WallaWalla,Corn_grain,46.03125N118.21875W
176,1997-08-24(236),12611.91992,330,WallaWalla,Corn_grain,46.03125N118.21875W
177,1998-08-22(234),9526.53125,270,WallaWalla,Corn_grain,46.03125N118.21875W
178,1999-08-30(242),11785.30469,360,WallaWalla,Corn_grain,46.03125N118.21875W
179,2000-08-27(240),8763.862305,240,WallaWalla,Corn_grain,46.03125N118.21875W
180,2001-08-26(238),10463.40625,300,WallaWalla,Corn_grain,46.03125N118.21875W
181,2002-08-25(237),10942.26758,330,WallaWalla,Corn_grain,46.03125N118.21875W
182,2003-08-19(231),8858.876953,270,WallaWalla,Corn_grain,46.03125N118.21875W
183,2004-08-21(234),9538.293945,270,WallaWalla,Corn_grain,46.03125N118.21875W
184,2005-08-23(235),11267.06934,360,WallaWalla,Corn_grain,46.03125N118.21875W
185,2006-08-20(232),10137.55566,270,WallaWalla,Corn_grain,46.03125N118.21875W
186,2007-08-19(231),9716.932617,270,WallaWalla,Corn_grain,46.03125N118.21875W
187,2008-08-25(238),8256.004883,240,WallaWalla,Corn_grain,46.03125N118.21875W
188,2009-08-20(232),10557.33106,300,WallaWalla,Corn_grain,46.03125N118.21875W
189,2010-09-05(248),9756.083008,300,WallaWalla,Corn_grain,46.03125N118.21875W
190,2011-09-10(253),11895.66113,360,WallaWalla,Corn_grain,46.03125N118.21875W
191,2012-08-28(241),10824.30078,270,WallaWalla,Corn_grain,46.03125N118.21875W
192,2013-08-21(233),8933.939453,240,WallaWalla,Corn_grain,46.03125N118.21875W
193,2014-08-17(229),10651.44141,330,WallaWalla,Corn_grain,46.03125N118.21875W
194,2015-08-05(217),5909.680176,180,WallaWalla,Corn_grain,46.03125N118.21875W
195,2016-08-27(240),11672.60645,330,WallaWalla,Corn_grain,46.03125N118.21875W
196,2017-08-22(234),9282.505859,270,WallaWalla,Corn_grain,46.03125N118.21875W
197,2018-08-22(234),9878.321289,330,WallaWalla,Corn_grain,46.03125N118.21875W
198,2019-08-28(240),11113.35742,330,WallaWalla,Corn_grain,46.03125N118.21875W
199,1980-09-10(254),12988.31738,433.880096,WallaWalla,Corn_grain,46.28125N118.65625W
200,1981-09-01(244),13176.18652,434.721313,WallaWalla,Corn_grain,46.28125N118.65625W
201,1982-08-26(238),11972.65723,376.667389,WallaWalla,Corn_grain,46.28125N118.65625W
202,1983-08-29(241),13456.93555,411.151733,WallaWalla,Corn_grain,46.28125N118.65625W
203,1984-09-01(245),11948.41992,416.755951,WallaWalla,Corn_grain,46.28125N118.65625W
204,1985-08-23(235),11844.79004,438.867218,WallaWalla,Corn_grain,46.28125N118.65625W
205,1986-08-22(234),12810.99805,429.748749,WallaWalla,Corn_grain,46.28125N118.65625W
206,1987-08-29(241),12425.32227,399.835114,WallaWalla,Corn_grain,46.28125N118.65625W
207,1988-08-27(240),12646.63379,436.833405,WallaWalla,Corn_grain,46.28125N118.65625W
208,1989-09-04(247),12880.21191,432.542389,WallaWalla,Corn_grain,46.28125N118.65625W
209,1990-08-24(236),11068.8457,410.101868,WallaWalla,Corn_grain,46.28125N118.65625W
210,1991-08-31(243),12232.41309,403.47522,WallaWalla,Corn_grain,46.28125N118.65625W
211,1992-08-17(230),11685.02832,369.830139,WallaWalla,Corn_grain,46.28125N118.65625W
212,1993-09-02(245),14463.79199,395.126068,WallaWalla,Corn_grain,46.28125N118.65625W
213,1994-08-21(233),12207.2002,435.720154,WallaWalla,Corn_grain,46.28125N118.65625W
214,1995-09-02(245),13128.45117,391.434326,WallaWalla,Corn_grain,46.28125N118.65625W
215,1996-08-29(242),12479.73438,412.475891,WallaWalla,Corn_grain,46.28125N118.65625W
216,1997-08-25(237),13057.29785,393.114044,WallaWalla,Corn_grain,46.28125N118.65625W
217,1998-08-23(235),10904,369.140961,WallaWalla,Corn_grain,46.28125N118.65625W
218,1999-09-03(246),12704.33594,431.391205,WallaWalla,Corn_grain,46.28125N118.65625W
219,2000-08-28(241),12842.41992,432.772705,WallaWalla,Corn_grain,46.28125N118.65625W
220,2001-08-27(239),12877.08008,428.548859,WallaWalla,Corn_grain,46.28125N118.65625W
221,2002-08-26(238),12224.43652,414.314301,WallaWalla,Corn_grain,46.28125N118.65625W
222,2003-08-19(231),12251.32129,455.953064,WallaWalla,Corn_grain,46.28125N118.65625W
223,2004-08-21(234),11831.09961,417.263306,WallaWalla,Corn_grain,46.28125N118.65625W
224,2005-08-23(235),12456.41113,455.278992,WallaWalla,Corn_grain,46.28125N118.65625W
225,2006-08-20(232),12207.26563,414.110809,WallaWalla,Corn_grain,46.28125N118.65625W
226,2007-08-21(233),12701.68066,430.699402,WallaWalla,Corn_grain,46.28125N118.65625W
227,2008-08-25(238),12924.77734,452.130005,WallaWalla,Corn_grain,46.28125N118.65625W
228,2009-08-20(232),12633.14746,428.509705,WallaWalla,Corn_grain,46.28125N118.65625W
229,2010-09-02(245),12414.77148,433.258545,WallaWalla,Corn_grain,46.28125N118.65625W
230,2011-09-10(253),13461.63184,454.989899,WallaWalla,Corn_grain,46.28125N118.65625W
231,2012-08-28(241),12174.80762,371.709076,WallaWalla,Corn_grain,46.28125N118.65625W
232,2013-08-21(233),11805.74609,411.858521,WallaWalla,Corn_grain,46.28125N118.65625W
233,2014-08-15(227),11907.67285,415.913177,WallaWalla,Corn_grain,46.28125N118.65625W
234,2015-08-08(220),10773.60742,411.378693,WallaWalla,Corn_grain,46.28125N118.65625W
235,2016-08-29(242),13316.7207,432.306976,WallaWalla,Corn_grain,46.28125N118.65625W
236,2017-08-29(241),12067.32227,455.766205,WallaWalla,Corn_grain,46.28125N118.65625W
237,2018-08-30(242),13542.71875,485.521301,WallaWalla,Corn_grain,46.28125N118.65625W
238,2019-08-27(239),13604.5957,468.769379,WallaWalla,Corn_grain,46.28125N118.65625W
239,1981-07-05(186),9379.30957,340,WallaWalla,Winter_Wheat,46.03125N118.21875W
240,1982-07-14(195),8867.324219,440,WallaWalla,Winter_Wheat,46.03125N118.21875W
241,1983-07-09(190),9183.512695,378.581787,WallaWalla,Winter_Wheat,46.03125N118.21875W
242,1984-07-16(198),9386.459961,359.324097,WallaWalla,Winter_Wheat,46.03125N118.21875W
243,1985-07-21(202),8000.95752,520,WallaWalla,Winter_Wheat,46.03125N118.21875W
244,1986-07-21(202),8052.625488,480,WallaWalla,Winter_Wheat,46.03125N118.21875W
245,1987-07-07(188),7985.886719,460,WallaWalla,Winter_Wheat,46.03125N118.21875W
246,1988-07-05(187),9009.512695,397.333954,WallaWalla,Winter_Wheat,46.03125N118.21875W
247,1989-07-22(203),8441.114258,440,WallaWalla,Winter_Wheat,46.03125N118.21875W
248,1990-07-08(189),8869.250977,397.73349,WallaWalla,Winter_Wheat,46.03125N118.21875W
249,1991-07-12(193),9671.610352,380,WallaWalla,Winter_Wheat,46.03125N118.21875W
250,1992-06-24(176),8102.092773,420,WallaWalla,Winter_Wheat,46.03125N118.21875W
251,1993-07-28(209),8721.884766,359.246338,WallaWalla,Winter_Wheat,46.03125N118.21875W
252,1994-07-14(195),8152.139648,460,WallaWalla,Winter_Wheat,46.03125N118.21875W
253,1995-07-04(185),8968.960938,318.035614,WallaWalla,Winter_Wheat,46.03125N118.21875W
254,1996-07-13(195),9065.310547,359.76358,WallaWalla,Winter_Wheat,46.03125N118.21875W
255,1997-07-21(202),8259.883789,419.266815,WallaWalla,Winter_Wheat,46.03125N118.21875W
256,1998-07-07(188),8874.030273,360,WallaWalla,Winter_Wheat,46.03125N118.21875W
257,1999-07-07(188),9479.591797,437.165955,WallaWalla,Winter_Wheat,46.03125N118.21875W
258,2000-07-06(188),9274.950195,395.923859,WallaWalla,Winter_Wheat,46.03125N118.21875W
259,2001-07-22(203),8519.750977,459.725983,WallaWalla,Winter_Wheat,46.03125N118.21875W
260,2002-07-08(189),9235.186523,420,WallaWalla,Winter_Wheat,46.03125N118.21875W
261,2003-07-06(187),9037.977539,397.189453,WallaWalla,Winter_Wheat,46.03125N118.21875W
262,2004-07-10(192),9081.859375,418.417206,WallaWalla,Winter_Wheat,46.03125N118.21875W
263,2005-07-11(192),8970.077148,417.424927,WallaWalla,Winter_Wheat,46.03125N118.21875W
264,2006-07-10(191),9027.793945,374.410522,WallaWalla,Winter_Wheat,46.03125N118.21875W
265,2007-07-20(201),8252.413086,518.367859,WallaWalla,Winter_Wheat,46.03125N118.21875W
266,2008-07-19(201),9064.884766,480,WallaWalla,Winter_Wheat,46.03125N118.21875W
267,2009-07-14(195),8971.533203,440,WallaWalla,Winter_Wheat,46.03125N118.21875W
268,2010-07-16(197),9772.943359,417.521027,WallaWalla,Winter_Wheat,46.03125N118.21875W
269,2011-07-22(203),9853.663086,359.967987,WallaWalla,Winter_Wheat,46.03125N118.21875W
270,2012-07-15(197),9409.611328,340,WallaWalla,Winter_Wheat,46.03125N118.21875W
271,2013-07-05(186),9163.912109,380,WallaWalla,Winter_Wheat,46.03125N118.21875W
272,2014-07-11(192),9081.696289,480,WallaWalla,Winter_Wheat,46.03125N118.21875W
273,2015-06-14(165),8555.816406,379.084137,WallaWalla,Winter_Wheat,46.03125N118.21875W
274,2016-06-19(171),8308.466797,378.040009,WallaWalla,Winter_Wheat,46.03125N118.21875W
275,2017-07-12(193),9174.725586,400,WallaWalla,Winter_Wheat,46.03125N118.21875W
276,2018-07-13(194),8546.616211,480,WallaWalla,Winter_Wheat,46.03125N118.21875W
277,2019-07-15(196),8874.481445,457.201996,WallaWalla,Winter_Wheat,46.03125N118.21875W
278,1981-07-05(186),9165.03125,208,WallaWalla,Winter_Wheat,46.03125N118.40625W
279,1982-07-14(195),8260.193359,312,WallaWalla,Winter_Wheat,46.03125N118.40625W
280,1983-07-08(189),8502.444336,272,WallaWalla,Winter_Wheat,46.03125N118.40625W
281,1984-07-15(197),8576.367188,232,WallaWalla,Winter_Wheat,46.03125N118.40625W
282,1985-07-21(202),5828.801758,296,WallaWalla,Winter_Wheat,46.03125N118.40625W
283,1986-07-21(202),6842.979004,328,WallaWalla,Winter_Wheat,46.03125N118.40625W
284,1987-07-07(188),6568.633301,304,WallaWalla,Winter_Wheat,46.03125N118.40625W
285,1988-07-05(187),7828.093262,336,WallaWalla,Winter_Wheat,46.03125N118.40625W
286,1989-07-22(203),7088.428223,288,WallaWalla,Winter_Wheat,46.03125N118.40625W
287,1990-07-07(188),7947.978516,384,WallaWalla,Winter_Wheat,46.03125N118.40625W
288,1991-07-11(192),9234.928711,344,WallaWalla,Winter_Wheat,46.03125N118.40625W
289,1992-06-23(175),6642.043945,304,WallaWalla,Winter_Wheat,46.03125N118.40625W
290,1993-07-27(208),8061.477539,256,WallaWalla,Winter_Wheat,46.03125N118.40625W
291,1994-07-14(195),6494.870605,296,WallaWalla,Winter_Wheat,46.03125N118.40625W
292,1995-07-04(185),8644.523438,208,WallaWalla,Winter_Wheat,46.03125N118.40625W
293,1996-07-13(195),8877.927734,264,WallaWalla,Winter_Wheat,46.03125N118.40625W
294,1997-07-21(202),7877.9375,312,WallaWalla,Winter_Wheat,46.03125N118.40625W
295,1998-07-07(188),8339.355469,296,WallaWalla,Winter_Wheat,46.03125N118.40625W
296,1999-07-07(188),8235.983398,360,WallaWalla,Winter_Wheat,46.03125N118.40625W
297,2000-07-05(187),8457.838867,304,WallaWalla,Winter_Wheat,46.03125N118.40625W
298,2001-07-21(202),6741.062012,352,WallaWalla,Winter_Wheat,46.03125N118.40625W
299,2002-07-08(189),8104.137695,368,WallaWalla,Winter_Wheat,46.03125N118.40625W
300,2003-07-06(187),7909.665527,280,WallaWalla,Winter_Wheat,46.03125N118.40625W
301,2004-07-09(191),8453.396484,248,WallaWalla,Winter_Wheat,46.03125N118.40625W
302,2005-07-11(192),7785.301758,368,WallaWalla,Winter_Wheat,46.03125N118.40625W
303,2006-07-10(191),8052.45459,296,WallaWalla,Winter_Wheat,46.03125N118.40625W
304,2007-07-19(200),5610.243652,336,WallaWalla,Winter_Wheat,46.03125N118.40625W
305,2008-07-19(201),7038.73584,336,WallaWalla,Winter_Wheat,46.03125N118.40625W
306,2009-07-13(194),7388.697754,288,WallaWalla,Winter_Wheat,46.03125N118.40625W
307,2010-07-16(197),8862.543945,328,WallaWalla,Winter_Wheat,46.03125N118.40625W
308,2011-07-21(202),9145.895508,288,WallaWalla,Winter_Wheat,46.03125N118.40625W
309,2012-07-15(197),8727.661133,280,WallaWalla,Winter_Wheat,46.03125N118.40625W
310,2013-07-05(186),7823.843262,280,WallaWalla,Winter_Wheat,46.03125N118.40625W
311,2014-07-10(191),7162.645996,368,WallaWalla,Winter_Wheat,46.03125N118.40625W
312,2015-06-14(165),8049.916992,320,WallaWalla,Winter_Wheat,46.03125N118.40625W
313,2016-06-19(171),7417.890625,352,WallaWalla,Winter_Wheat,46.03125N118.40625W
314,2017-07-11(192),8348.31543,272,WallaWalla,Winter_Wheat,46.03125N118.40625W
315,2018-07-12(193),6481.490723,336,WallaWalla,Winter_Wheat,46.03125N118.40625W
316,2019-07-15(196),7589.078125,280,WallaWalla,Winter_Wheat,46.03125N118.40625W
317,1980-10-31(305),15054.80176,480,Yakima,Corn_grain,46.15625N119.96875W
318,1981-11-01(305),15260.26953,480,Yakima,Corn_grain,46.15625N119.96875W
319,1982-11-01(305),17966.4082,506.892029,Yakima,Corn_grain,46.15625N119.96875W
320,1983-11-01(305),19256.51758,536.901489,Yakima,Corn_grain,46.15625N119.96875W
321,1984-10-31(305),11778.81641,420,Yakima,Corn_grain,46.15625N119.96875W
322,1985-11-01(305),12064.41895,420,Yakima,Corn_grain,46.15625N119.96875W
323,1986-11-01(305),16077.85254,540,Yakima,Corn_grain,46.15625N119.96875W
324,1987-11-01(305),14413.89844,510,Yakima,Corn_grain,46.15625N119.96875W
325,1988-10-31(305),15717.42969,540,Yakima,Corn_grain,46.15625N119.96875W
326,1989-11-01(305),15054.81641,510,Yakima,Corn_grain,46.15625N119.96875W
327,1990-11-01(305),10895.2168,390,Yakima,Corn_grain,46.15625N119.96875W
328,1991-11-01(305),14986.62988,540,Yakima,Corn_grain,46.15625N119.96875W
329,1992-10-31(305),13656.98828,479.835358,Yakima,Corn_grain,46.15625N119.96875W
330,1993-11-01(305),19451.30859,568.541077,Yakima,Corn_grain,46.15625N119.96875W
331,1994-11-01(305),13077.7041,510,Yakima,Corn_grain,46.15625N119.96875W
332,1995-11-01(305),16680.18945,480,Yakima,Corn_grain,46.15625N119.96875W
333,1996-10-31(305),12535.89941,450,Yakima,Corn_grain,46.15625N119.96875W
334,1997-11-01(305),15230.77441,479.044891,Yakima,Corn_grain,46.15625N119.96875W
335,1998-11-01(305),12510.45898,448.518524,Yakima,Corn_grain,46.15625N119.96875W
336,1999-11-01(305),12360.48242,450,Yakima,Corn_grain,46.15625N119.96875W
337,2000-10-31(305),16609.83789,540,Yakima,Corn_grain,46.15625N119.96875W
338,2001-11-01(305),12891.36523,510,Yakima,Corn_grain,46.15625N119.96875W
339,2002-11-01(305),15589.22656,539.477051,Yakima,Corn_grain,46.15625N119.96875W
340,2003-11-01(305),11130.92383,450,Yakima,Corn_grain,46.15625N119.96875W
341,2004-10-31(305),14269.7666,449.93631,Yakima,Corn_grain,46.15625N119.96875W
342,2005-11-01(305),14341.76758,540,Yakima,Corn_grain,46.15625N119.96875W
343,2006-11-01(305),13705.20801,510,Yakima,Corn_grain,46.15625N119.96875W
344,2007-11-01(305),12533.63965,450,Yakima,Corn_grain,46.15625N119.96875W
345,2008-10-31(305),15030.48731,510,Yakima,Corn_grain,46.15625N119.96875W
346,2009-11-01(305),13496.65918,510,Yakima,Corn_grain,46.15625N119.96875W
347,2010-11-01(305),12973.99121,420,Yakima,Corn_grain,46.15625N119.96875W
348,2011-11-01(305),16416.75977,510,Yakima,Corn_grain,46.15625N119.96875W
349,2012-10-31(305),14085.18555,479.971924,Yakima,Corn_grain,46.15625N119.96875W
350,2013-11-01(305),12667.7041,448.79718,Yakima,Corn_grain,46.15625N119.96875W
351,2014-11-01(305),10647.13086,390,Yakima,Corn_grain,46.15625N119.96875W
352,2015-11-01(305),11179.66309,450,Yakima,Corn_grain,46.15625N119.96875W
353,2016-10-31(305),14029.15625,480,Yakima,Corn_grain,46.15625N119.96875W
354,2017-11-01(305),11495.81348,450,Yakima,Corn_grain,46.15625N119.96875W
355,2018-11-01(305),14688.00195,540,Yakima,Corn_grain,46.15625N119.96875W
356,2019-11-01(305),16028.35742,479.420166,Yakima,Corn_grain,46.15625N119.96875W
357,1980-10-31(305),18111.28906,600,Yakima,Corn_grain,46.21875N119.34375W
358,1981-11-01(305),16036.34668,600,Yakima,Corn_grain,46.21875N119.34375W
359,1982-11-01(305),16148.75,540,Yakima,Corn_grain,46.21875N119.34375W
360,1983-11-01(305),17796.1582,560,Yakima,Corn_grain,46.21875N119.34375W
361,1984-10-31(305),16637.65039,600,Yakima,Corn_grain,46.21875N119.34375W
362,1985-11-01(305),14989.60254,600,Yakima,Corn_grain,46.21875N119.34375W
363,1986-10-09(282),16625.79688,580,Yakima,Corn_grain,46.21875N119.34375W
364,1987-10-03(276),16160.88965,580,Yakima,Corn_grain,46.21875N119.34375W
365,1988-10-07(281),16341.89453,600,Yakima,Corn_grain,46.21875N119.34375W
366,1989-11-01(305),16902.70313,640,Yakima,Corn_grain,46.21875N119.34375W
367,1990-09-26(269),13110.44727,520,Yakima,Corn_grain,46.21875N119.34375W
368,1991-10-07(280),14524.97363,580,Yakima,Corn_grain,46.21875N119.34375W
369,1992-09-26(270),13721.21973,520,Yakima,Corn_grain,46.21875N119.34375W
370,1993-11-01(305),18909.27734,620,Yakima,Corn_grain,46.21875N119.34375W
371,1994-09-28(271),14323.82617,580,Yakima,Corn_grain,46.21875N119.34375W
372,1995-11-01(305),17120.25781,560,Yakima,Corn_grain,46.21875N119.34375W
373,1996-10-31(305),16183.31543,580,Yakima,Corn_grain,46.21875N119.34375W
374,1997-10-01(274),16175.29004,520,Yakima,Corn_grain,46.21875N119.34375W
375,1998-09-18(261),13731.44629,500,Yakima,Corn_grain,46.21875N119.34375W
376,1999-11-01(305),16268.99023,640,Yakima,Corn_grain,46.21875N119.34375W
377,2000-10-29(303),15552.33106,620,Yakima,Corn_grain,46.21875N119.34375W
378,2001-09-26(269),15425.82715,600,Yakima,Corn_grain,46.21875N119.34375W
379,2002-10-02(275),14854.49805,580,Yakima,Corn_grain,46.21875N119.34375W
380,2003-09-20(263),14508.0459,560,Yakima,Corn_grain,46.21875N119.34375W
381,2004-09-29(273),13991.81055,500,Yakima,Corn_grain,46.21875N119.34375W
382,2005-10-13(286),14145.87598,580,Yakima,Corn_grain,46.21875N119.34375W
383,2006-09-28(271),15353.81152,560,Yakima,Corn_grain,46.21875N119.34375W
384,2007-10-09(282),15384.31738,580,Yakima,Corn_grain,46.21875N119.34375W
385,2008-10-31(305),16530.80859,620,Yakima,Corn_grain,46.21875N119.34375W
386,2009-09-23(266),15686.15234,580,Yakima,Corn_grain,46.21875N119.34375W
387,2010-11-01(305),16530.37695,600,Yakima,Corn_grain,46.21875N119.34375W
388,2011-11-01(305),17134.12109,600,Yakima,Corn_grain,46.21875N119.34375W
389,2012-10-02(276),14470.24902,560,Yakima,Corn_grain,46.21875N119.34375W
390,2013-09-16(259),12658.7334,500,Yakima,Corn_grain,46.21875N119.34375W
391,2014-10-01(274),13545.80664,560,Yakima,Corn_grain,46.21875N119.34375W
392,2015-09-19(262),13496.15234,560,Yakima,Corn_grain,46.21875N119.34375W
393,2016-10-31(305),17141.62891,600,Yakima,Corn_grain,46.21875N119.34375W
394,2017-10-20(293),15185.60742,560,Yakima,Corn_grain,46.21875N119.34375W
395,2018-11-01(305),17206.8125,640,Yakima,Corn_grain,46.21875N119.34375W
396,2019-11-01(305),16746.9375,560,Yakima,Corn_grain,46.21875N119.34375W
397,1981-08-15(227),9642.411133,560,Yakima,Winter_Wheat,46.15625N119.34375W
398,1982-08-23(235),8881.208008,580,Yakima,Winter_Wheat,46.15625N119.34375W
399,1983-08-15(227),9566.423828,580,Yakima,Winter_Wheat,46.15625N119.34375W
400,1984-08-23(236),8970.612305,560,Yakima,Winter_Wheat,46.15625N119.34375W
401,1985-08-23(235),8212.790039,620,Yakima,Winter_Wheat,46.15625N119.34375W
402,1986-08-20(232),8437.958008,600,Yakima,Winter_Wheat,46.15625N119.34375W
403,1987-08-07(219),8881.207031,560,Yakima,Winter_Wheat,46.15625N119.34375W
404,1988-08-09(222),9678.974609,520,Yakima,Winter_Wheat,46.15625N119.34375W
405,1989-08-17(229),9006.946289,580,Yakima,Winter_Wheat,46.15625N119.34375W
406,1990-08-04(216),8993.737305,520,Yakima,Winter_Wheat,46.15625N119.34375W
407,1991-08-11(223),9668.048828,580,Yakima,Winter_Wheat,46.15625N119.34375W
408,1992-07-25(207),9063.140625,560,Yakima,Winter_Wheat,46.15625N119.34375W
409,1993-08-25(237),9585.769531,560,Yakima,Winter_Wheat,46.15625N119.34375W
410,1994-08-10(222),8283.287109,560,Yakima,Winter_Wheat,46.15625N119.34375W
411,1995-08-05(217),9801.993164,500,Yakima,Winter_Wheat,46.15625N119.34375W
412,1996-08-11(224),9753.869141,540,Yakima,Winter_Wheat,46.15625N119.34375W
413,1997-08-20(232),8657.152344,560,Yakima,Winter_Wheat,46.15625N119.34375W
414,1998-08-10(222),8590.212891,500,Yakima,Winter_Wheat,46.15625N119.34375W
415,1999-08-16(228),9919.487305,600,Yakima,Winter_Wheat,46.15625N119.34375W
416,2000-08-05(218),9829.15918,580,Yakima,Winter_Wheat,46.15625N119.34375W
417,2001-08-16(228),8793.276367,620,Yakima,Winter_Wheat,46.15625N119.34375W
418,2002-08-12(224),9124.230469,580,Yakima,Winter_Wheat,46.15625N119.34375W
419,2003-08-02(214),9222.475586,560,Yakima,Winter_Wheat,46.15625N119.34375W
420,2004-08-03(216),9560.928711,540,Yakima,Winter_Wheat,46.15625N119.34375W
421,2005-08-11(223),8093.595703,540,Yakima,Winter_Wheat,46.15625N119.34375W
422,2006-08-13(225),8569.21582,540,Yakima,Winter_Wheat,46.15625N119.34375W
423,2007-08-16(228),8806.671875,600,Yakima,Winter_Wheat,46.15625N119.34375W
424,2008-08-23(236),8729.162109,580,Yakima,Winter_Wheat,46.15625N119.34375W
425,2009-08-10(222),9131.75,540,Yakima,Winter_Wheat,46.15625N119.34375W
426,2010-08-15(227),9829.661133,520,Yakima,Winter_Wheat,46.15625N119.34375W
427,2011-08-28(240),10166.76074,540,Yakima,Winter_Wheat,46.15625N119.34375W
428,2012-08-18(231),9210.589844,560,Yakima,Winter_Wheat,46.15625N119.34375W
429,2013-08-01(213),9417.492188,520,Yakima,Winter_Wheat,46.15625N119.34375W
430,2014-08-06(218),8603.019531,580,Yakima,Winter_Wheat,46.15625N119.34375W
431,2015-07-20(201),8786.166016,540,Yakima,Winter_Wheat,46.15625N119.34375W
432,2016-07-30(212),9805.155273,580,Yakima,Winter_Wheat,46.15625N119.34375W
433,2017-08-07(219),8996.376953,560,Yakima,Winter_Wheat,46.15625N119.34375W
434,2018-08-08(220),8496.535156,580,Yakima,Winter_Wheat,46.15625N119.34375W
435,2019-08-14(226),8703.485352,560,Yakima,Winter_Wheat,46.15625N119.34375W
436,1981-07-14(195),10114.12988,540,Yakima,Winter_Wheat,46.21875N119.34375W
437,1982-07-28(209),8744.84082,580,Yakima,Winter_Wheat,46.21875N119.34375W
438,1983-07-21(202),9385.338867,560,Yakima,Winter_Wheat,46.21875N119.34375W
439,1984-07-27(209),9338.991211,540,Yakima,Winter_Wheat,46.21875N119.34375W
440,1985-07-29(210),6403.857422,560,Yakima,Winter_Wheat,46.21875N119.34375W
441,1986-07-28(209),7807.941895,580,Yakima,Winter_Wheat,46.21875N119.34375W
442,1987-07-17(198),7429.947266,560,Yakima,Winter_Wheat,46.21875N119.34375W
443,1988-07-13(195),9202.144531,560,Yakima,Winter_Wheat,46.21875N119.34375W
444,1989-07-27(208),7647.078613,560,Yakima,Winter_Wheat,46.21875N119.34375W
445,1990-07-13(194),8837.394531,580,Yakima,Winter_Wheat,46.21875N119.34375W
446,1991-07-18(199),9775.22168,620,Yakima,Winter_Wheat,46.21875N119.34375W
447,1992-06-27(179),7663.435547,540,Yakima,Winter_Wheat,46.21875N119.34375W
448,1993-08-04(216),8593.367188,580,Yakima,Winter_Wheat,46.21875N119.34375W
449,1994-07-23(204),7381.865234,580,Yakima,Winter_Wheat,46.21875N119.34375W
450,1995-07-13(194),9078.742188,480,Yakima,Winter_Wheat,46.21875N119.34375W
451,1996-07-24(206),9318.040039,540,Yakima,Winter_Wheat,46.21875N119.34375W
452,1997-08-02(214),8372.756836,540,Yakima,Winter_Wheat,46.21875N119.34375W
453,1998-07-14(195),9008.208984,520,Yakima,Winter_Wheat,46.21875N119.34375W
454,1999-07-19(200),9182.248047,640,Yakima,Winter_Wheat,46.21875N119.34375W
455,2000-07-13(195),8874.47168,580,Yakima,Winter_Wheat,46.21875N119.34375W
456,2001-07-25(206),7524.19873,600,Yakima,Winter_Wheat,46.21875N119.34375W
457,2002-07-17(198),8901.876953,560,Yakima,Winter_Wheat,46.21875N119.34375W
458,2003-07-14(195),8785.373047,520,Yakima,Winter_Wheat,46.21875N119.34375W
459,2004-07-16(198),8867.296875,520,Yakima,Winter_Wheat,46.21875N119.34375W
460,2005-07-18(199),8751.025391,580,Yakima,Winter_Wheat,46.21875N119.34375W
461,2006-07-21(202),8667.308594,500,Yakima,Winter_Wheat,46.21875N119.34375W
462,2007-07-28(209),7171.170898,580,Yakima,Winter_Wheat,46.21875N119.34375W
463,2008-07-30(212),7501.860352,580,Yakima,Winter_Wheat,46.21875N119.34375W
464,2009-07-20(201),8101.087402,560,Yakima,Winter_Wheat,46.21875N119.34375W
465,2010-07-26(207),9391.088867,540,Yakima,Winter_Wheat,46.21875N119.34375W
466,2011-08-01(213),10453.29883,600,Yakima,Winter_Wheat,46.21875N119.34375W
467,2012-07-23(205),9194.168945,560,Yakima,Winter_Wheat,46.21875N119.34375W
468,2013-07-10(191),8785.373047,540,Yakima,Winter_Wheat,46.21875N119.34375W
469,2014-07-20(201),8446.935547,640,Yakima,Winter_Wheat,46.21875N119.34375W
470,2015-07-01(182),7944.812012,580,Yakima,Winter_Wheat,46.21875N119.34375W
471,2016-07-16(198),9094.995117,560,Yakima,Winter_Wheat,46.21875N119.34375W
472,2017-07-24(205),8705.839844,500,Yakima,Winter_Wheat,46.21875N119.34375W
473,2018-07-24(205),7546.969727,620,Yakima,Winter_Wheat,46.21875N119.34375W
474,2019-07-30(211),7462.73291,580,Yakima,Winter_Wheat,46.21875N119.34375W
